<?xml version='1.0' encoding='UTF-8'?>
<?artifactRepository version='1.1.0'?>
<repository name='com.oracle.jme.toolkit.updatesite' type='org.eclipse.equinox.p2.artifact.repository.simpleRepository' version='1'>
  <properties size='2'>
    <property name='p2.timestamp' value='1460934792696'/>
    <property name='publishPackFilesAsSiblings' value='true'/>
  </properties>
  <mappings size='5'>
    <rule filter='(&amp; (classifier=osgi.bundle) (format=packed))' output='${repoUrl}/plugins/${id}_${version}.jar.pack.gz'/>
    <rule filter='(&amp; (classifier=osgi.bundle))' output='${repoUrl}/plugins/${id}_${version}.jar'/>
    <rule filter='(&amp; (classifier=binary))' output='${repoUrl}/binary/${id}_${version}'/>
    <rule filter='(&amp; (classifier=org.eclipse.update.feature) (format=packed))' output='${repoUrl}/features/${id}_${version}.jar.pack.gz'/>
    <rule filter='(&amp; (classifier=org.eclipse.update.feature))' output='${repoUrl}/features/${id}_${version}.jar'/>
  </mappings>
  <artifacts size='27'>
    <artifact classifier='osgi.bundle' id='com.oracle.jme.toolkit.eclipse.libs.skincreator_standalone' version='8.3.0.201604172311'>
      <properties size='5'>
        <property name='artifact.size' value='722970'/>
        <property name='download.size' value='729289'/>
        <property name='maven-groupId' value='com.oracle.jme.toolkit.eclipse'/>
        <property name='maven-artifactId' value='com.oracle.jme.toolkit.eclipse.libs.skincreator_standalone'/>
        <property name='maven-version' value='8.3.0-SNAPSHOT'/>
      </properties>
    </artifact>
    <artifact classifier='osgi.bundle' id='com.oracle.jme.toolkit.eclipse.help' version='8.3.0.201604172311'>
      <properties size='5'>
        <property name='artifact.size' value='63453'/>
        <property name='download.size' value='73186'/>
        <property name='maven-groupId' value='com.oracle.jme.toolkit.eclipse'/>
        <property name='maven-artifactId' value='com.oracle.jme.toolkit.eclipse.help'/>
        <property name='maven-version' value='8.3.0-SNAPSHOT'/>
      </properties>
    </artifact>
    <artifact classifier='osgi.bundle' id='com.oracle.jme.toolkit.eclipse.libs.securityeditor_standalone' version='8.3.0.201604172311'>
      <properties size='5'>
        <property name='artifact.size' value='25138'/>
        <property name='download.size' value='31578'/>
        <property name='maven-groupId' value='com.oracle.jme.toolkit.eclipse'/>
        <property name='maven-artifactId' value='com.oracle.jme.toolkit.eclipse.libs.securityeditor_standalone'/>
        <property name='maven-version' value='8.3.0-SNAPSHOT'/>
      </properties>
    </artifact>
    <artifact classifier='osgi.bundle' id='com.oracle.jme.toolkit.eclipse.libs.bootstrap' version='8.3.0.201604172311'>
      <properties size='5'>
        <property name='artifact.size' value='105475'/>
        <property name='download.size' value='111791'/>
        <property name='maven-groupId' value='com.oracle.jme.toolkit.eclipse'/>
        <property name='maven-artifactId' value='com.oracle.jme.toolkit.eclipse.libs.bootstrap'/>
        <property name='maven-version' value='8.3.0-SNAPSHOT'/>
      </properties>
    </artifact>
    <artifact classifier='osgi.bundle' id='com.oracle.jme.toolkit.eclipse.libs.remoting' version='8.3.0.201604172311'>
      <properties size='5'>
        <property name='artifact.size' value='51641'/>
        <property name='download.size' value='58576'/>
        <property name='maven-groupId' value='com.oracle.jme.toolkit.eclipse'/>
        <property name='maven-artifactId' value='com.oracle.jme.toolkit.eclipse.libs.remoting'/>
        <property name='maven-version' value='8.3.0-SNAPSHOT'/>
      </properties>
    </artifact>
    <artifact classifier='osgi.bundle' id='com.oracle.jme.toolkit.eclipse.profiler' version='8.3.0.201604172311'>
      <properties size='5'>
        <property name='artifact.size' value='169310'/>
        <property name='download.size' value='187966'/>
        <property name='maven-groupId' value='com.oracle.jme.toolkit.eclipse'/>
        <property name='maven-artifactId' value='com.oracle.jme.toolkit.eclipse.profiler'/>
        <property name='maven-version' value='8.3.0-SNAPSHOT'/>
      </properties>
    </artifact>
    <artifact classifier='osgi.bundle' id='com.oracle.jme.toolkit.eclipse.libs.device-registry' version='8.3.0.201604172311'>
      <properties size='5'>
        <property name='artifact.size' value='1608497'/>
        <property name='download.size' value='1615240'/>
        <property name='maven-groupId' value='com.oracle.jme.toolkit.eclipse'/>
        <property name='maven-artifactId' value='com.oracle.jme.toolkit.eclipse.libs.device-registry'/>
        <property name='maven-version' value='8.3.0-SNAPSHOT'/>
      </properties>
    </artifact>
    <artifact classifier='osgi.bundle' id='com.oracle.jme.toolkit.eclipse.welcomepage' version='8.3.0.201604172311'>
      <properties size='5'>
        <property name='artifact.size' value='133590'/>
        <property name='download.size' value='149708'/>
        <property name='maven-groupId' value='com.oracle.jme.toolkit.eclipse'/>
        <property name='maven-artifactId' value='com.oracle.jme.toolkit.eclipse.welcomepage'/>
        <property name='maven-version' value='8.3.0-SNAPSHOT'/>
      </properties>
    </artifact>
    <artifact classifier='osgi.bundle' id='com.oracle.jme.toolkit.eclipse.memorymonitor' version='8.3.0.201604172311'>
      <properties size='5'>
        <property name='artifact.size' value='101539'/>
        <property name='download.size' value='115092'/>
        <property name='maven-groupId' value='com.oracle.jme.toolkit.eclipse'/>
        <property name='maven-artifactId' value='com.oracle.jme.toolkit.eclipse.memorymonitor'/>
        <property name='maven-version' value='8.3.0-SNAPSHOT'/>
      </properties>
    </artifact>
    <artifact classifier='osgi.bundle' id='com.oracle.jme.toolkit.eclipse.securityeditor' version='8.3.0.201604172311'>
      <properties size='5'>
        <property name='artifact.size' value='59793'/>
        <property name='download.size' value='70498'/>
        <property name='maven-groupId' value='com.oracle.jme.toolkit.eclipse'/>
        <property name='maven-artifactId' value='com.oracle.jme.toolkit.eclipse.securityeditor'/>
        <property name='maven-version' value='8.3.0-SNAPSHOT'/>
      </properties>
    </artifact>
    <artifact classifier='osgi.bundle' id='com.oracle.jme.toolkit.eclipse.libs.project-export' version='8.3.0.201604172311'>
      <properties size='5'>
        <property name='artifact.size' value='14996'/>
        <property name='download.size' value='21315'/>
        <property name='maven-groupId' value='com.oracle.jme.toolkit.eclipse'/>
        <property name='maven-artifactId' value='com.oracle.jme.toolkit.eclipse.libs.project-export'/>
        <property name='maven-version' value='8.3.0-SNAPSHOT'/>
      </properties>
    </artifact>
    <artifact classifier='osgi.bundle' id='com.oracle.jme.toolkit.eclipse.libs.memorymonitor' version='8.3.0.201604172311'>
      <properties size='5'>
        <property name='artifact.size' value='8391'/>
        <property name='download.size' value='14720'/>
        <property name='maven-groupId' value='com.oracle.jme.toolkit.eclipse'/>
        <property name='maven-artifactId' value='com.oracle.jme.toolkit.eclipse.libs.memorymonitor'/>
        <property name='maven-version' value='8.3.0-SNAPSHOT'/>
      </properties>
    </artifact>
    <artifact classifier='osgi.bundle' id='com.oracle.jme.toolkit.eclipse.wirelessmessaging' version='8.3.0.201604172311'>
      <properties size='5'>
        <property name='artifact.size' value='154989'/>
        <property name='download.size' value='172941'/>
        <property name='maven-groupId' value='com.oracle.jme.toolkit.eclipse'/>
        <property name='maven-artifactId' value='com.oracle.jme.toolkit.eclipse.wirelessmessaging'/>
        <property name='maven-version' value='8.3.0-SNAPSHOT'/>
      </properties>
    </artifact>
    <artifact classifier='osgi.bundle' id='com.oracle.jme.toolkit.eclipse.skincreator' version='8.3.0.201604172311'>
      <properties size='5'>
        <property name='artifact.size' value='334469'/>
        <property name='download.size' value='363838'/>
        <property name='maven-groupId' value='com.oracle.jme.toolkit.eclipse'/>
        <property name='maven-artifactId' value='com.oracle.jme.toolkit.eclipse.skincreator'/>
        <property name='maven-version' value='8.3.0-SNAPSHOT'/>
      </properties>
    </artifact>
    <artifact classifier='osgi.bundle' id='com.oracle.jme.toolkit.eclipse.libs.wma' version='8.3.0.201604172311'>
      <properties size='5'>
        <property name='artifact.size' value='63431'/>
        <property name='download.size' value='70169'/>
        <property name='maven-groupId' value='com.oracle.jme.toolkit.eclipse'/>
        <property name='maven-artifactId' value='com.oracle.jme.toolkit.eclipse.libs.wma'/>
        <property name='maven-version' value='8.3.0-SNAPSHOT'/>
      </properties>
    </artifact>
    <artifact classifier='osgi.bundle' id='com.oracle.jme.toolkit.eclipse.keystore' version='8.3.0.201604172311'>
      <properties size='5'>
        <property name='artifact.size' value='122459'/>
        <property name='download.size' value='137732'/>
        <property name='maven-groupId' value='com.oracle.jme.toolkit.eclipse'/>
        <property name='maven-artifactId' value='com.oracle.jme.toolkit.eclipse.keystore'/>
        <property name='maven-version' value='8.3.0-SNAPSHOT'/>
      </properties>
    </artifact>
    <artifact classifier='osgi.bundle' id='com.oracle.jme.toolkit.eclipse.samples' version='8.3.0.201604172311'>
      <properties size='5'>
        <property name='artifact.size' value='559866'/>
        <property name='download.size' value='569845'/>
        <property name='maven-groupId' value='com.oracle.jme.toolkit.eclipse'/>
        <property name='maven-artifactId' value='com.oracle.jme.toolkit.eclipse.samples'/>
        <property name='maven-version' value='8.3.0-SNAPSHOT'/>
      </properties>
    </artifact>
    <artifact classifier='osgi.bundle' id='com.oracle.jme.toolkit.eclipse.libs.netmon' version='8.3.0.201604172311'>
      <properties size='5'>
        <property name='artifact.size' value='39238'/>
        <property name='download.size' value='45562'/>
        <property name='maven-groupId' value='com.oracle.jme.toolkit.eclipse'/>
        <property name='maven-artifactId' value='com.oracle.jme.toolkit.eclipse.libs.netmon'/>
        <property name='maven-version' value='8.3.0-SNAPSHOT'/>
      </properties>
    </artifact>
    <artifact classifier='osgi.bundle' id='com.oracle.jme.toolkit.eclipse.networkmonitor' version='8.3.0.201604172311'>
      <properties size='5'>
        <property name='artifact.size' value='271666'/>
        <property name='download.size' value='298834'/>
        <property name='maven-groupId' value='com.oracle.jme.toolkit.eclipse'/>
        <property name='maven-artifactId' value='com.oracle.jme.toolkit.eclipse.networkmonitor'/>
        <property name='maven-version' value='8.3.0-SNAPSHOT'/>
      </properties>
    </artifact>
    <artifact classifier='osgi.bundle' id='com.oracle.jme.toolkit.eclipse.deviceselector' version='8.3.0.201604172311'>
      <properties size='5'>
        <property name='artifact.size' value='252571'/>
        <property name='download.size' value='277615'/>
        <property name='maven-groupId' value='com.oracle.jme.toolkit.eclipse'/>
        <property name='maven-artifactId' value='com.oracle.jme.toolkit.eclipse.deviceselector'/>
        <property name='maven-version' value='8.3.0-SNAPSHOT'/>
      </properties>
    </artifact>
    <artifact classifier='org.eclipse.update.feature' id='com.oracle.jme.toolkit.demos' version='8.3.0.201604172311'>
      <properties size='6'>
        <property name='artifact.size' value='6059'/>
        <property name='download.size' value='12353'/>
        <property name='maven-groupId' value='com.oracle.jme.toolkit.eclipse'/>
        <property name='maven-artifactId' value='com.oracle.jme.toolkit.demos'/>
        <property name='maven-version' value='8.3.0-SNAPSHOT'/>
        <property name='download.contentType' value='application/zip'/>
      </properties>
    </artifact>
    <artifact classifier='osgi.bundle' id='com.oracle.jme.toolkit.eclipse.core' version='8.3.0.201604172311'>
      <properties size='5'>
        <property name='artifact.size' value='140197'/>
        <property name='download.size' value='156572'/>
        <property name='maven-groupId' value='com.oracle.jme.toolkit.eclipse'/>
        <property name='maven-artifactId' value='com.oracle.jme.toolkit.eclipse.core'/>
        <property name='maven-version' value='8.3.0-SNAPSHOT'/>
      </properties>
    </artifact>
    <artifact classifier='osgi.bundle' id='com.oracle.jme.toolkit.eclipse.libs.log4j' version='8.3.0.201604172311'>
      <properties size='5'>
        <property name='artifact.size' value='358164'/>
        <property name='download.size' value='364481'/>
        <property name='maven-groupId' value='com.oracle.jme.toolkit.eclipse'/>
        <property name='maven-artifactId' value='com.oracle.jme.toolkit.eclipse.libs.log4j'/>
        <property name='maven-version' value='8.3.0-SNAPSHOT'/>
      </properties>
    </artifact>
    <artifact classifier='org.eclipse.update.feature' id='com.oracle.jme.toolkit' version='8.3.0.201604172311'>
      <properties size='6'>
        <property name='artifact.size' value='6586'/>
        <property name='download.size' value='12876'/>
        <property name='maven-groupId' value='com.oracle.jme.toolkit.eclipse'/>
        <property name='maven-artifactId' value='com.oracle.jme.toolkit'/>
        <property name='maven-version' value='8.3.0-SNAPSHOT'/>
        <property name='download.contentType' value='application/zip'/>
      </properties>
    </artifact>
    <artifact classifier='osgi.bundle' id='com.oracle.jme.toolkit.eclipse.updatecenter' version='8.3.0.201604172311'>
      <properties size='5'>
        <property name='artifact.size' value='100210'/>
        <property name='download.size' value='113779'/>
        <property name='maven-groupId' value='com.oracle.jme.toolkit.eclipse'/>
        <property name='maven-artifactId' value='com.oracle.jme.toolkit.eclipse.updatecenter'/>
        <property name='maven-version' value='8.3.0-SNAPSHOT'/>
      </properties>
    </artifact>
    <artifact classifier='osgi.bundle' id='com.oracle.jme.toolkit.eclipse.libs.profiler' version='8.3.0.201604172311'>
      <properties size='5'>
        <property name='artifact.size' value='4577'/>
        <property name='download.size' value='10908'/>
        <property name='maven-groupId' value='com.oracle.jme.toolkit.eclipse'/>
        <property name='maven-artifactId' value='com.oracle.jme.toolkit.eclipse.libs.profiler'/>
        <property name='maven-version' value='8.3.0-SNAPSHOT'/>
      </properties>
    </artifact>
    <artifact classifier='osgi.bundle' id='com.oracle.jme.toolkit.eclipse.libs.uc_standalone' version='8.3.0.201604172311'>
      <properties size='5'>
        <property name='artifact.size' value='120670'/>
        <property name='download.size' value='126998'/>
        <property name='maven-groupId' value='com.oracle.jme.toolkit.eclipse'/>
        <property name='maven-artifactId' value='com.oracle.jme.toolkit.eclipse.libs.uc_standalone'/>
        <property name='maven-version' value='8.3.0-SNAPSHOT'/>
      </properties>
    </artifact>
  </artifacts>
</repository>
